Duration,MWh,$/kW/yr,Cycles
1h,100,39.445303487254456,1415.8453487559862
2h,200,66.2960264040856,930.1350312363576
4h,400,94.40895239676233,609.3072273033405
6h,600,108.66969636175486,463.53217530928055
8h,800,117.02585265675383,379.8733047201742
